frame	x1	y1	x2	y2	reason
1	927.65	356.18	1060.00	496.37	已有标注
2	890.39	364.02	1045.29	533.63	已有标注
3	905.10	346.37	1028.63	521.86	已有标注
4	880.59	307.16	1048.24	674.80	已有标注
5	873.73	265.98	1045.29	627.75	已有标注
6	847.25	333.63	956.08	659.12	已有标注
7	718.82	351.27	920.78	659.12	已有标注
8	599.22	348.33	752.16	626.76	已有标注
9	499.22	327.75	605.10	438.53	已有标注
10	487.45	328.73	582.55	609.12	已有标注
11	562.94	335.59	666.86	609.12	已有标注
12	642.35	383.63	712.94	606.18	已有标注
13	701.18	376.76	790.39	519.90	已有标注
14	745.29	395.39	859.02	637.55	已有标注
15	802.16	415.00	911.96	658.14	已有标注
16	853.14	414.02	987.45	678.73	已有标注
17	977.65	413.04	1131.57	672.84	已有标注
18	1028.63	403.24	1185.49	721.86	已有标注
19	1097.25	387.55	1211.96	677.75	已有标注
20	1120.69	406.84	1214.72	649.73	视觉复核：火箭28号
21	1131.42	405.16	1240.35	647.95	视觉复核：火箭28号
22	1156.38	405.73	1239.61	645.87	视觉复核：火箭28号
23	1180.19	404.83	1326.44	650.71	视觉复核：火箭28号
24	1275.11	420.11	1439.71	645.22	视觉复核：火箭28号
25	1324.18	418.28	1478.44	662.29	视觉复核：火箭28号
26	1423.79	425.39	1571.09	721.30	视觉复核：火箭28号
